time,parset,var,ShortName,ll_comp,mean,median,q025,q975,q25,q75,date
2020.13597992243,1,a_D,CH,,0,0,0,0,0,0,2020-02-19
2020.13597992243,1,a_deltaH,CH,,0,0,0,0,0,0,2020-02-19
2020.13597992243,1,D,CH,,0,0,0,0,0,0,2020-02-19
2020.13597992243,1,H_curr,CH,,0,0,0,0,0,0,2020-02-19
2020.13597992243,1,tot_I,CH,,0,0,0,0,0,0,2020-02-19
2020.13597992243,1,U_curr,CH,,0,0,0,0,0,0,2020-02-19
2020.13689253936,1,a_D,CH,,0,0,0,0,0,0,2020-02-20
2020.13689253936,1,a_deltaH,CH,,0,0,0,0,0,0,2020-02-20
2020.13689253936,1,D,CH,,0,0,0,0,0,0,2020-02-20
2020.13689253936,1,H_curr,CH,,0,0,0,0,0,0,2020-02-20
2020.13689253936,1,Rt,CH,,2.6885308251362305,2.6851803880858114,2.472035450535895,2.9146583736798575,2.6028081425150495,2.7698711527648903,2020-02-20
2020.13689253936,1,tot_I,CH,,0,0,0,0,0,0,2020-02-20
2020.13689253936,1,U_curr,CH,,0,0,0,0,0,0,2020-02-20
2020.13963039014,1,a_D,CH,,0.001,0,0,0,0,0,2020-02-20
2020.13963039014,1,a_deltaH,CH,,0.177,0,0,1,0,0,2020-02-20
2020.13963039014,1,D,CH,,0.001,0,0,0,0,0,2020-02-20
2020.13963039014,1,H_curr,CH,,0.177,0,0,1,0,0,2020-02-20
2020.13963039014,1,Rt,CH,,2.6550787606304493,2.648425078228161,2.254888668280314,3.067142330652598,2.514817019653542,2.7921222021157304,2020-02-20
2020.13963039014,1,tot_I,CH,,4.106,4,1,8,3,5,2020-02-20
2020.13963039014,1,U_curr,CH,,0.001,0,0,0,0,0,2020-02-20
2020.14236824093,1,a_D,CH,,0.005,0,0,0,0,0,2020-02-21
2020.14236824093,1,a_deltaH,CH,,0.438,0,0,2,0,1,2020-02-21
2020.14236824093,1,D,CH,,0.006,0,0,0,0,0,2020-02-21
2020.14236824093,1,H_curr,CH,,0.615,0,0,3,0,1,2020-02-21
2020.14236824093,1,Rt,CH,,2.6208056213357196,2.615207616021841,2.163813651805376,3.109410738959597,2.4399995222363824,2.796733215749606,2020-02-21
2020.14236824093,1,tot_I,CH,,13.345,13,7,21,11,15.25,2020-02-21
2020.14236824093,1,U_curr,CH,,0.015,0,0,0,0,0,2020-02-21
2020.14510609172,1,a_D,CH,,0.014,0,0,0,0,0,2020-02-23
2020.14510609172,1,a_deltaH,CH,,0.376,0,0,2,0,1,2020-02-23
2020.14510609172,1,D,CH,,0.02,0,0,0,0,0,2020-02-23
2020.14510609172,1,H_curr,CH,,0.991,1,0,3,0,2,2020-02-23
2020.14510609172,1,Rt,CH,,2.5770918767013793,2.568763011118903,2.0899519679394647,3.106289485796169,2.3888954415534442,2.7581102169401337,2020-02-23
2020.14510609172,1,tot_I,CH,,26.755,26,17,39,23,30,2020-02-23
2020.14510609172,1,U_curr,CH,,0.065,0,0,1,0,0,2020-02-23
2020.14784394251,1,a_D,CH,,0.022,0,0,0,0,0,2020-02-24
2020.14784394251,1,a_deltaH,CH,,0.42,0,-1,2,0,1,2020-02-24
2020.14784394251,1,D,CH,,0.042,0,0,1,0,0,2020-02-24
2020.14784394251,1,H_curr,CH,,1.411,1,0,4,1,2,2020-02-24
2020.14784394251,1,Rt,CH,,2.5377055472331422,2.5250186806457338,2.0569113243429977,3.0950732425123535,2.3484264625068985,2.721083033352641,2020-02-24
2020.14784394251,1,tot_I,CH,,44.151,44,30,62,38,49,2020-02-24
2020.14784394251,1,U_curr,CH,,0.111,0,0,1,0,0,2020-02-24
2020.15058179329,1,a_D,CH,,0.017,0,0,0,0,0,2020-02-24
2020.15058179329,1,a_deltaH,CH,,0.2535,0,-1,2,0,0,2020-02-24
2020.15058179329,1,D,CH,,0.076,0,0,1,0,0,2020-02-24
2020.15058179329,1,H_curr,CH,,1.918,2,0,5,1,3,2020-02-24
2020.15058179329,1,Rt,CH,,2.5049713687825728,2.4882721790895768,2.0019528417043526,3.049774348922705,2.312448702413201,2.6908346176006095,2020-02-24
2020.15058179329,1,tot_I,CH,,66.674,66,46,92,58,74,2020-02-24
2020.15058179329,1,U_curr,CH,,0.163,0,0,1,0,0,2020-02-24
2020.15331964408,1,a_D,CH,,0.015,0,0,0,0,0,2020-02-26
2020.15331964408,1,a_deltaH,CH,,1.205,1,0,3,1,1,2020-02-26
2020.15331964408,1,D,CH,,0.091,0,0,1,0,0,2020-02-26
2020.15331964408,1,H_curr,CH,,3.123,3,1,6,2,4,2020-02-26
2020.15331964408,1,Rt,CH,,2.463062573588365,2.4548936939085033,2.0028090074511162,2.990019673471905,2.2787164866277534,2.6274769730223073,2020-02-26
2020.15331964408,1,tot_I,CH,,95.748,95,67,129,84,106,2020-02-26
2020.15331964408,1,U_curr,CH,,0.26,0,0,1,0,0,2020-02-26
2020.15605749487,1,a_D,CH,,0.02,0,0,0,0,0,2020-02-27
2020.15605749487,1,a_deltaH,CH,,0.333,0,-1,2,0,1,2020-02-27
2020.15605749487,1,D,CH,,0.111,0,0,1,0,0,2020-02-27
2020.15605749487,1,H_curr,CH,,3.456,3,1,7,2,4,2020-02-27
2020.15605749487,1,Rt,CH,,2.4243968478977798,2.411704627413816,1.9707699073810825,2.970952484424462,2.25826187110226,2.586368365951498,2020-02-27
2020.15605749487,1,tot_I,CH,,132.753,131,93,181,117,147,2020-02-27
2020.15605749487,1,U_curr,CH,,0.371,0,0,2,0,1,2020-02-27
2020.15879534565,1,a_D,CH,,0.024,0,0,0,0,0,2020-02-27
2020.15879534565,1,a_deltaH,CH,,3.996,4,2,7,3,5,2020-02-27
2020.15879534565,1,D,CH,,0.135,0,0,1,0,0,2020-02-27
2020.15879534565,1,H_curr,CH,,7.452,7,4,12,6,9,2020-02-27
2020.15879534565,1,Rt,CH,,2.410023714396657,2.395601960714961,1.9638830788299506,2.996725140059083,2.2196901462941057,2.57537767331002,2020-02-27
2020.15879534565,1,tot_I,CH,,179.587,178,127.975,243.04999999999995,159,200,2020-02-27
2020.15879534565,1,U_curr,CH,,0.562,0,0,2,0,1,2020-02-27
2020.16153319644,1,a_D,CH,,0.03,0,0,1,0,0,2020-02-28
2020.16153319644,1,a_deltaH,CH,,1.878,2,0,4,1,2.25,2020-02-28
2020.16153319644,1,D,CH,,0.165,0,0,1,0,0,2020-02-28
2020.16153319644,1,H_curr,CH,,9.33,9,6,14,8,11,2020-02-28
2020.16153319644,1,Rt,CH,,2.3934236384728713,2.3798397082071805,1.9160571255979935,2.9516958416715657,2.2227993245637405,2.552952213164964,2020-02-28
2020.16153319644,1,tot_I,CH,,238.778,236,170,326.04999999999995,211,264,2020-02-28
2020.16153319644,1,U_curr,CH,,0.907,1,0,3,0,1,2020-02-28
2020.16427104723,1,a_D,CH,,0.049,0,0,1,0,0,2020-03-01
2020.16427104723,1,a_deltaH,CH,,1.644,2,-1,4,1,2,2020-03-01
2020.16427104723,1,D,CH,,0.214,0,0,1,0,0,2020-03-01
2020.16427104723,1,H_curr,CH,,10.974,11,7,16,9,13,2020-03-01
2020.16427104723,1,Rt,CH,,2.3818221414127594,2.3721962263035117,1.9311001187071746,2.929534703435879,2.2083663904615403,2.5457911497673607,2020-03-01
2020.16427104723,1,tot_I,CH,,314.387,312,225,428.025,278,347,2020-03-01
2020.16427104723,1,U_curr,CH,,1.225,1,0,4,0,2,2020-03-01
2020.16700889801,1,a_D,CH,,0.066,0,0,1,0,0,2020-03-01
2020.16700889801,1,a_deltaH,CH,,2.924,3,0,6,2,4,2020-03-01
2020.16700889801,1,D,CH,,0.28,0,0,2,0,0,2020-03-01
2020.16700889801,1,H_curr,CH,,13.898,14,9,20,12,16,2020-03-01
2020.16700889801,1,Rt,CH,,2.388454597278019,2.3788351078292242,1.9006991474880808,2.917660761840618,2.19698338124907,2.5560461366204335,2020-03-01
2020.16700889801,1,tot_I,CH,,409.606,407,297,554.025,363,452,2020-03-01
2020.16700889801,1,U_curr,CH,,1.582,1,0,4,1,2,2020-03-01
2020.1697467488,1,a_D,CH,,0.109,0,0,1,0,0,2020-03-02
2020.1697467488,1,a_deltaH,CH,,3.743,4,1,7,3,5,2020-03-02
2020.1697467488,1,D,CH,,0.389,0,0,2,0,1,2020-03-02
2020.1697467488,1,H_curr,CH,,17.641,17,12,25,15,20,2020-03-02
2020.1697467488,1,Rt,CH,,2.404239479987634,2.383748168992952,1.9071442693389433,2.953904221126776,2.2160158408200865,2.5923521572512174,2020-03-02
2020.1697467488,1,tot_I,CH,,530.291,528,384.975,713.025,470.75,585,2020-03-02
2020.1697467488,1,U_curr,CH,,1.978,2,0,5,1,3,2020-03-02
2020.17248459959,1,a_D,CH,,0.104,0,0,1,0,0,2020-03-04
2020.17248459959,1,a_deltaH,CH,,6.265,6,3,10,5,7,2020-03-04
2020.17248459959,1,D,CH,,0.493,0,0,2,0,1,2020-03-04
2020.17248459959,1,H_curr,CH,,23.906,24,17,32.02499999999998,21,26,2020-03-04
2020.17248459959,1,Rt,CH,,2.4308171165448456,2.4136733027207318,1.9219730079889923,3.028366478887627,2.2416102277523127,2.5967632088366983,2020-03-04
2020.17248459959,1,tot_I,CH,,683.227,680,503.95,903.05,607.75,748.25,2020-03-04
2020.17248459959,1,U_curr,CH,,2.608,2,0,6,2,4,2020-03-04
2020.17522245038,1,a_D,CH,,0.144,0,0,1,0,0,2020-03-05
2020.17522245038,1,a_deltaH,CH,,3.579,3.5,0,8,2,5,2020-03-05
2020.17522245038,1,D,CH,,0.637,0,0,3,0,1,2020-03-05
2020.17522245038,1,H_curr,CH,,27.485,27,20,37,24,30,2020-03-05
2020.17522245038,1,Rt,CH,,2.4667981965390875,2.4505351665223793,1.9627333399772893,3.0906715870093957,2.258476886978073,2.6537185169781856,2020-03-05
2020.17522245038,1,tot_I,CH,,878.057,872,653,1149.2999999999997,786,958,2020-03-05
2020.17522245038,1,U_curr,CH,,3.349,3,0,7,2,4,2020-03-05
2020.17796030116,1,a_D,CH,,1.196,1,1,2,1,1,2020-03-05
2020.17796030116,1,a_deltaH,CH,,5.208,5,1,10,4,7,2020-03-05
2020.17796030116,1,D,CH,,1.833,2,1,4,1,2,2020-03-05
2020.17796030116,1,H_curr,CH,,32.693,32,23,43.02499999999998,29,36,2020-03-05
2020.17796030116,1,Rt,CH,,2.502472374456826,2.483588559926334,1.9518737120468326,3.1401847543128456,2.292548529483948,2.6967093590233455,2020-03-05
2020.17796030116,1,tot_I,CH,,1127.488,1120,854,1465.1499999999996,1019,1227,2020-03-05
2020.17796030116,1,U_curr,CH,,3.9,4,1,8,3,5,2020-03-05
2020.18069815195,1,a_D,CH,,0.32,0,0,2,0,1,2020-03-06
2020.18069815195,1,a_deltaH,CH,,4.617,4,0,11,3,6,2020-03-06
2020.18069815195,1,D,CH,,2.153,2,1,5,1,3,2020-03-06
2020.18069815195,1,H_curr,CH,,37.31,37,26,51,33,41,2020-03-06
2020.18069815195,1,Rt,CH,,2.535141228708357,2.5179206236493554,1.9929211967197942,3.1824954430350165,2.3132592220080626,2.74626492251054,2020-03-06
2020.18069815195,1,tot_I,CH,,1450.183,1439,1113,1849.2249999999997,1318,1573.25,2020-03-06
2020.18069815195,1,U_curr,CH,,4.675,4,1,9,3,6,2020-03-06
2020.18343600274,1,a_D,CH,,1.33,1,1,3,1,2,2020-03-08
2020.18343600274,1,a_deltaH,CH,,10.221,10,4,17,8,12,2020-03-08
2020.18343600274,1,D,CH,,3.483,3,2,6,3,4,2020-03-08
2020.18343600274,1,H_curr,CH,,47.531,47,34,63.02499999999998,43,52,2020-03-08
2020.18343600274,1,Rt,CH,,2.5513681326226725,2.534333717331327,1.9725419403471123,3.312385682689924,2.3016912234886884,2.7469760545489095,2020-03-08
2020.18343600274,1,tot_I,CH,,1864.689,1849,1458.775,2360.3749999999995,1704.5,2015.75,2020-03-08
2020.18343600274,1,U_curr,CH,,5.549,5,2,11,4,7,2020-03-08
2020.18617385352,1,a_D,CH,,0.388,0,0,2,0,1,2020-03-08
2020.18617385352,1,a_deltaH,CH,,15.537,15.5,9,22,13,18,2020-03-08
2020.18617385352,1,D,CH,,3.871,4,2,7,3,5,2020-03-08
2020.18617385352,1,H_curr,CH,,63.068,63,48,81,57.75,68,2020-03-08
2020.18617385352,1,Rt,CH,,2.5975065188533457,2.54778837421699,1.7508102582300378,3.677665874504693,2.229330811646319,2.91268662884625,2020-03-08
2020.18617385352,1,tot_I,CH,,2402.868,2386,1904.825,3004.05,2203.5,2585.25,2020-03-08
2020.18617385352,1,U_curr,CH,,7.042,7,3,13,5,9,2020-03-08
2020.18891170431,1,a_D,CH,,1.885,2,1,4,1,2,2020-03-09
2020.18891170431,1,a_deltaH,CH,,16.359,16,9,24.024999999999977,14,19,2020-03-09
2020.18891170431,1,D,CH,,5.756,6,3,9,5,7,2020-03-09
2020.18891170431,1,H_curr,CH,,79.427,79,61,101,73,86,2020-03-09
2020.18891170431,1,Rt,CH,,2.433670102811893,2.366425532040606,1.4902445902553672,3.7797974614069885,2.0362683447391827,2.7657400513667656,2020-03-09
2020.18891170431,1,tot_I,CH,,3101.957,3082,2470.9,3826.0249999999996,2862.5,3328,2020-03-09
2020.18891170431,1,U_curr,CH,,8.909,9,4,15,7,11,2020-03-09
2020.1916495551,1,a_D,CH,,1.644,1,1,4,1,2,2020-03-11
2020.1916495551,1,a_deltaH,CH,,21.511,21,13,31.024999999999977,18,24,2020-03-11
2020.1916495551,1,D,CH,,7.4,7,4,11,6,9,2020-03-11
2020.1916495551,1,H_curr,CH,,100.938,100.5,80,124,93,108,2020-03-11
2020.1916495551,1,Rt,CH,,2.1543681567726924,2.120855818020386,1.2115636587457397,3.384243464088605,1.7423134268892517,2.484707270462435,2020-03-11
2020.1916495551,1,tot_I,CH,,3998.71,3979,3193.75,4893.2249999999995,3688.75,4278.5,2020-03-11
2020.1916495551,1,U_curr,CH,,11.352,11,6,18.024999999999977,9,13,2020-03-11
2020.19438740589,1,a_D,CH,,1.899,2,1,4,1,2,2020-03-12
2020.19438740589,1,a_deltaH,CH,,23.51,23,13,34,20,27,2020-03-12
2020.19438740589,1,D,CH,,9.299,9,6,14,8,11,2020-03-12
2020.19438740589,1,H_curr,CH,,124.448,124,101,152,115,133,2020-03-12
2020.19438740589,1,Rt,CH,,1.997650393363185,1.9215461075801905,1.0696141477708814,3.3508369362914463,1.5855003927814233,2.3307351834269188,2020-03-12
2020.19438740589,1,tot_I,CH,,5101.481,5070.5,4084.9,6223.774999999999,4729,5447.75,2020-03-12
2020.19438740589,1,U_curr,CH,,14.261,14,7.975000000000001,22,12,17,2020-03-12
2020.19712525667,1,a_D,CH,,2.247,2,1,5,1,3,2020-03-12
2020.19712525667,1,a_deltaH,CH,,58.729,58,49,71,55,62,2020-03-12
2020.19712525667,1,D,CH,,11.546,11,7,17,10,13,2020-03-12
2020.19712525667,1,H_curr,CH,,183.177,182,156,216,173,193,2020-03-12
2020.19712525667,1,Rt,CH,,1.9503158211574403,1.8674284528752776,0.8703991789089924,3.577280746139345,1.5011495290433055,2.293101243500968,2020-03-12
2020.19712525667,1,tot_I,CH,,6428.105,6395,5105.950000000001,7929.7249999999995,5955,6885.5,2020-03-12
2020.19712525667,1,U_curr,CH,,18.841,19,11,28,16,22,2020-03-12
2020.19986310746,1,a_D,CH,,4.211,4,1,8,3,5,2020-03-13
2020.19986310746,1,a_deltaH,CH,,35.817,36,20,52,30,41,2020-03-13
2020.19986310746,1,D,CH,,15.757,16,11,22,14,18,2020-03-13
2020.19986310746,1,H_curr,CH,,218.994,218.5,187,256,206,231,2020-03-13
2020.19986310746,1,Rt,CH,,1.9362493585474025,1.8261739428263573,0.8642419613704108,3.6672710055167834,1.476645431717522,2.242244992311025,2020-03-13
2020.19986310746,1,tot_I,CH,,8025.969,7977,6249.95,10078.275,7331.75,8633.25,2020-03-13
2020.19986310746,1,U_curr,CH,,24.46,24,15,35,21,28,2020-03-13
2020.20260095825,1,a_D,CH,,5.459,5,3,9,4,6,2020-03-15
2020.20260095825,1,a_deltaH,CH,,45.765,45,27,70,38,52,2020-03-15
2020.20260095825,1,D,CH,,21.216,21,15,28,19,23,2020-03-15
2020.20260095825,1,H_curr,CH,,264.759,264,223,317,247,280,2020-03-15
2020.20260095825,1,Rt,CH,,1.8064800395043994,1.7242450042474946,1.0251732242802878,3.0295695359844137,1.4402292208667271,2.0464734073490347,2020-03-15
2020.20260095825,1,tot_I,CH,,9953.253,9854,7595.8499999999995,13141.124999999998,9025.75,10736.75,2020-03-15
2020.20260095825,1,U_curr,CH,,30.611,31,19,42,27,34,2020-03-15
2020.20533880903,1,a_D,CH,,7.555,7,4,12,6,9,2020-03-15
2020.20533880903,1,a_deltaH,CH,,57.59,56,36,91,48,65,2020-03-15
2020.20533880903,1,D,CH,,28.771,29,21,37,26,31,2020-03-15
2020.20533880903,1,H_curr,CH,,322.349,320,269,395.025,300,342,2020-03-15
2020.20533880903,1,Rt,CH,,1.7000729113400863,1.5984811986933996,0.9084196887521152,2.9214771165810545,1.3323186179834237,1.951967251035093,2020-03-15
2020.20533880903,1,tot_I,CH,,12237.765,12047.5,9007.425,16946.075,10978.75,13104.25,2020-03-15
2020.20533880903,1,U_curr,CH,,37.93,38,25,51,33,42,2020-03-15
2020.20807665982,1,a_D,CH,,6.308,6,3,11,5,8,2020-03-16
2020.20807665982,1,a_deltaH,CH,,79.859,77,51,126.02499999999998,68,88,2020-03-16
2020.20807665982,1,D,CH,,35.079,35,26,46,32,38,2020-03-16
2020.20807665982,1,H_curr,CH,,402.208,396,327.975,512.025,371,426,2020-03-16
2020.20807665982,1,Rt,CH,,1.5333037964524483,1.4400459497598854,0.8279462359613382,2.7192428581490304,1.2056203925783786,1.7560817299091023,2020-03-16
2020.20807665982,1,tot_I,CH,,14895.636,14560,10661.625,21338.699999999997,13350.25,15836,2020-03-16
2020.20807665982,1,U_curr,CH,,47.455,47,33,63,42,53,2020-03-16
2020.21081451061,1,a_D,CH,,8.718,9,5,14,7,10,2020-03-18
2020.21081451061,1,a_deltaH,CH,,92.475,88,55.975,154.07499999999993,78,100,2020-03-18
2020.21081451061,1,D,CH,,43.797,43.5,34,56,40,47,2020-03-18
2020.21081451061,1,H_curr,CH,,494.683,487,393.97499999999997,652.1249999999999,455,521,2020-03-18
2020.21081451061,1,Rt,CH,,1.4345571487777193,1.3365450510870975,0.7849183222576838,2.5409521097964123,1.1385283806779392,1.627938633063488,2020-03-18
2020.21081451061,1,tot_I,CH,,17935.184,17360,12823.825,26917.999999999996,15987.5,18755.5,2020-03-18
2020.21081451061,1,U_curr,CH,,58.973,59,42,78,53,64,2020-03-18
2020.2135523614,1,a_D,CH,,9.397,9,5,16,8,11,2020-03-19
2020.2135523614,1,a_deltaH,CH,,125.209,120,75,192.07499999999993,110,131,2020-03-19
2020.2135523614,1,D,CH,,53.194,53,41.975,67.02499999999998,48,57,2020-03-19
2020.2135523614,1,H_curr,CH,,619.892,606,483.9,847.0999999999999,568,648,2020-03-19
2020.2135523614,1,Rt,CH,,1.3827603419786227,1.296923266916409,0.7846296181942252,2.3322033484905402,1.1101989479197345,1.5199313414155298,2020-03-19
2020.2135523614,1,tot_I,CH,,21392.755,20476,15380.5,33079.12499999999,18975.5,21933.5,2020-03-19
2020.2135523614,1,U_curr,CH,,73.585,73,53.975,99.02499999999998,66,80,2020-03-19
2020.21629021218,1,a_D,CH,,17.227,17,12,24,15,19,2020-03-19
2020.21629021218,1,a_deltaH,CH,,110.908,99,64.975,213.04999999999995,90,109,2020-03-19
2020.21629021218,1,D,CH,,70.421,70,56,89,65,75,2020-03-19
2020.21629021218,1,H_curr,CH,,730.8,703,562.875,1056.05,663,749.25,2020-03-19
2020.21629021218,1,Rt,CH,,1.3577391390991405,1.2994243214068715,0.7820019716708131,2.124274173969748,1.0975932178653274,1.5020906545283246,2020-03-19
2020.21629021218,1,tot_I,CH,,25388.309,23798.5,18307.3,41278.42499999999,22331,25385.75,2020-03-19
2020.21629021218,1,U_curr,CH,,89.787,88,65,123,80,97,2020-03-19
2020.21902806297,1,a_D,CH,,16.744,16,11,26,14,19,2020-03-20
2020.21902806297,1,a_deltaH,CH,,127.505,109,80,242.02499999999998,100,119,2020-03-20
2020.21902806297,1,D,CH,,87.165,86,70,111,80,92,2020-03-20
2020.21902806297,1,H_curr,CH,,858.305,812,657.9000000000001,1257.4999999999995,769,861,2020-03-20
2020.21902806297,1,Rt,CH,,1.4646944267433497,1.3911729485478057,0.7987042781218715,2.215848132907286,1.209051363873588,1.614194024327329,2020-03-20
2020.21902806297,1,tot_I,CH,,30153.518,27531,21921.3,49569.97499999999,25906.5,29173,2020-03-20
2020.21902806297,1,U_curr,CH,,107.982,105,78.97500000000001,150,96,114,2020-03-20
2020.22176591376,1,a_D,CH,,18.842,18,12,30,16,20,2020-03-22
2020.22176591376,1,a_deltaH,CH,,174.644,146,115.975,262.4249999999996,136,156,2020-03-22
2020.22176591376,1,D,CH,,106.007,104,86,134,97,111,2020-03-22
2020.22176591376,1,H_curr,CH,,1032.949,959,794.95,1531.8499999999995,915,1009,2020-03-22
2020.22176591376,1,Rt,CH,,1.5691161593681282,1.5160686474766691,0.8350348090821411,2.3370243324742845,1.3047701312392697,1.7387199441651633,2020-03-22
2020.22176591376,1,tot_I,CH,,36104.093,31705,25960.85,56772.299999999996,29983.25,33428.5,2020-03-22
2020.22176591376,1,U_curr,CH,,129.635,124,92,190.17499999999984,114,135,2020-03-22
2020.22450376454,1,a_D,CH,,28.723,27,20,40.02499999999998,25,30,2020-03-22
2020.22450376454,1,a_deltaH,CH,,166.375,114,86,246.14999999999986,103,124,2020-03-22
2020.22450376454,1,D,CH,,134.73,131,111,176.02499999999998,124,140,2020-03-22
2020.22450376454,1,H_curr,CH,,1199.324,1071,904.8249999999999,1845.299999999998,1025,1124,2020-03-22
2020.22450376454,1,Rt,CH,,1.5573362535974793,1.4513484284385338,0.7608912002858046,2.4861683225850486,1.2402476495512953,1.7421522821577478,2020-03-22
2020.22450376454,1,tot_I,CH,,43413.829,36397,30524.15,62823.799999999974,34646.25,38255.25,2020-03-22
2020.22450376454,1,U_curr,CH,,152.163,143,108,223.07499999999993,132,154,2020-03-22
2020.22724161533,1,a_D,CH,,24.35,22,15,36.02499999999998,19.75,24,2020-03-23
2020.22724161533,1,a_deltaH,CH,,225.614,141,108.975,262.04999999999995,129,152,2020-03-23
2020.22724161533,1,D,CH,,159.08,153,129,211.0999999999999,145,162,2020-03-23
2020.22724161533,1,H_curr,CH,,1424.938,1210,1040.975,2016.1249999999964,1167,1265,2020-03-23
2020.22724161533,1,Rt,CH,,1.3792634037115301,1.2640165605708664,0.6462693842137702,2.3648996706172674,1.0336847929780197,1.5463536912189517,2020-03-23
2020.22724161533,1,tot_I,CH,,52038.017,41850,35403.15,70994.82499999998,39898.75,43751.75,2020-03-23
2020.22724161533,1,U_curr,CH,,180.919,165,128,272.2499999999998,153,177,2020-03-23
2020.22997946612,1,a_D,CH,,34.714,31,23,44.02499999999998,28,33,2020-03-25
2020.22997946612,1,a_deltaH,CH,,248.182,126,93,228.39999999999964,115.75,138,2020-03-25
2020.22997946612,1,D,CH,,193.794,183,156,256.0999999999999,175,193,2020-03-25
2020.22997946612,1,H_curr,CH,,1673.12,1340,1178.75,2259.199999999998,1291.75,1391.25,2020-03-25
2020.22997946612,1,Rt,CH,,1.2277032954229907,1.104105760800195,0.5696330879629321,2.217154379764934,0.8751355608196889,1.3877321286165767,2020-03-25
2020.22997946612,1,tot_I,CH,,61693.662,47726,41145.15,77945.625,45542.25,50029,2020-03-25
2020.22997946612,1,U_curr,CH,,212.375,186,145.975,315.04999999999995,173,199,2020-03-25
2020.23271731691,1,a_D,CH,,39.968,33,25,50,30,37,2020-03-26
2020.23271731691,1,a_deltaH,CH,,375.442,220,189.97500000000002,287.2249999999998,210.75,232,2020-03-26
2020.23271731691,1,D,CH,,233.762,217,186.97500000000002,302.14999999999986,207,228,2020-03-26
2020.23271731691,1,H_curr,CH,,2048.562,1559.5,1392.95,2589.2,1509,1615,2020-03-26
2020.23271731691,1,Rt,CH,,1.174699713549871,1.0115772454679144,0.4762349930258346,2.3905759463354497,0.7764987114873574,1.344292999566568,2020-03-26
2020.23271731691,1,tot_I,CH,,71566.858,53972.5,46553.4,84694.92499999999,51574,56960.25,2020-03-26
2020.23271731691,1,U_curr,CH,,253.727,211,169,348.14999999999986,197,226,2020-03-26
2020.23545516769,1,a_D,CH,,44.605,35,26,52,31,39,2020-03-26
2020.23545516769,1,a_deltaH,CH,,362.832,189,130.97500000000002,270.04999999999995,168,212,2020-03-26
2020.23545516769,1,D,CH,,278.367,252,216,351.2499999999998,241,264,2020-03-26
2020.23545516769,1,H_curr,CH,,2411.394,1748,1573.925,2778.2,1691,1812,2020-03-26
2020.23545516769,1,Rt,CH,,1.0547783250321103,0.833691903572982,0.4161860686978456,2.3645150770746186,0.6442504528970326,1.1426247603743722,2020-03-26
2020.23545516769,1,tot_I,CH,,81354.395,60491.5,52247.4,92881.54999999999,57596.5,64447,2020-03-26
2020.23545516769,1,U_curr,CH,,303.979,240,197.95000000000002,385.025,226.75,256,2020-03-26
2020.23819301848,1,a_D,CH,,53.945,41,31,57.049999999999955,38,44,2020-03-27
2020.23819301848,1,a_deltaH,CH,,331.918,164,104.975,291.025,140,191,2020-03-27
2020.23819301848,1,D,CH,,332.312,293,254,399.49999999999955,281,306,2020-03-27
2020.23819301848,1,H_curr,CH,,2743.312,1917.5,1718,2916.8999999999983,1851.75,1998,2020-03-27
2020.23819301848,1,Rt,CH,,0.8913646494971063,0.6720137366886221,0.36547596653857223,2.220285150125305,0.5419950028257718,0.8746355894211129,2020-03-27
2020.23819301848,1,tot_I,CH,,91087.855,67550.5,56896.950000000004,101716.8749999999,63565.75,72124.25,2020-03-27
2020.23819301848,1,U_curr,CH,,358.947,271,228.95,424.14999999999986,256,287,2020-03-27
2020.24093086927,1,a_D,CH,,57.271,40,30.975,60.02499999999998,37,45,2020-03-29
2020.24093086927,1,a_deltaH,CH,,308.904,163,90.95000000000002,430.07499999999993,131,202.25,2020-03-29
2020.24093086927,1,D,CH,,389.583,334,290,449.6499999999994,320,347,2020-03-29
2020.24093086927,1,H_curr,CH,,3052.216,2085,1848.975,3152.249999999998,1993,2202.25,2020-03-29
2020.24093086927,1,Rt,CH,,0.8235778561873833,0.5799071233562313,0.33172262649318424,2.3579843148041846,0.4678996480225825,0.7459597644048768,2020-03-29
2020.24093086927,1,tot_I,CH,,100737.188,74150.5,62023.25,117828.97499999995,69132.5,80354.25,2020-03-29
2020.24093086927,1,U_curr,CH,,415.45,303,259,459.2499999999998,286,319,2020-03-29
2020.24366872005,1,a_D,CH,,74.089,54,43.975,76.04999999999995,50,58,2020-03-29
2020.24366872005,1,a_deltaH,CH,,307.362,187,115,550.05,158,234.25,2020-03-29
2020.24366872005,1,D,CH,,463.672,388,342,513.6499999999994,372,403,2020-03-29
2020.24366872005,1,H_curr,CH,,3359.578,2283,1990.925,3592.3499999999995,2161,2434,2020-03-29
2020.24366872005,1,Rt,CH,,0.7476470662030071,0.5297933179816701,0.29144215100082854,2.0910660008698096,0.4383175627601403,0.6629227803817307,2020-03-29
2020.24366872005,1,tot_I,CH,,110315.418,80023,66771.22499999999,130196.17499999984,74295.75,88018.75,2020-03-29
2020.24366872005,1,U_curr,CH,,470.608,334,286,506.5249999999995,315.75,352,2020-03-29
2020.24640657084,1,a_D,CH,,84.409,62,50,84.04999999999995,57,66.25,2020-03-30
2020.24640657084,1,a_deltaH,CH,,228.34,108,23,662.05,67.75,182,2020-03-30
2020.24640657084,1,D,CH,,548.081,449,395.975,591.5499999999995,432,467,2020-03-30
2020.24640657084,1,H_curr,CH,,3587.918,2400,2042.95,4071.8499999999995,2239,2625,2020-03-30
2020.24640657084,1,Rt,CH,,0.7272891677776117,0.5099581658181986,0.269982426976631,2.2715029632585813,0.41072778247774644,0.6444407372925361,2020-03-30
2020.24640657084,1,tot_I,CH,,119976.281,85406,71139.425,167303.34999999998,79030,95453,2020-03-30
2020.24640657084,1,U_curr,CH,,521.578,361,309,577.1499999999999,341,386.25,2020-03-30
2020.24914442163,1,a_D,CH,,82.562,56,44,92,52,62,2020-04-01
2020.24914442163,1,a_deltaH,CH,,215.069,104,35.95,802.1499999999999,77,171,2020-04-01
2020.24914442163,1,D,CH,,630.643,506,448,679.5499999999995,487,528,2020-04-01
2020.24914442163,1,H_curr,CH,,3802.987,2503,2111,4990.425,2318.75,2800.75,2020-04-01
2020.24914442163,1,Rt,CH,,0.7130643108132338,0.50131611017957,0.2637774319167172,2.2617546939108104,0.4173338353427997,0.6047809868774814,2020-04-01
2020.24914442163,1,tot_I,CH,,130007.186,90479.5,75380.125,193754.6249999999,83366.75,102860.75,2020-04-01
2020.24914442163,1,U_curr,CH,,569.747,387,327.975,654.3499999999997,364,422,2020-04-01
2020.25188227242,1,a_D,CH,,87.912,59,45,111,54,66,2020-04-02
2020.25188227242,1,a_deltaH,CH,,193.029,74,14,952.9749999999964,50.75,130,2020-04-02
2020.25188227242,1,D,CH,,718.555,566,505,786.3499999999997,544,593,2020-04-02
2020.25188227242,1,H_curr,CH,,3996.016,2573,2157,5564.174999999992,2374,2944.25,2020-04-02
2020.25188227242,1,Rt,CH,,0.7112782515475651,0.4884422594479566,0.2666333336109674,2.552306734160634,0.4072147289536282,0.6073257344266639,2020-04-02
2020.25188227242,1,tot_I,CH,,140580.736,95281,79143.425,227555.97499999986,87445,109380.25,2020-04-02
2020.25188227242,1,U_curr,CH,,614.907,411.5,341.975,729.5999999999995,384,454,2020-04-02
2020.2546201232,1,a_D,CH,,95.586,64,50,133,58,71,2020-04-02
2020.2546201232,1,a_deltaH,CH,,162.195,16,-38.05,1103.1,-4,71,2020-04-02
2020.2546201232,1,D,CH,,814.141,629,562,916.0999999999999,605,661,2020-04-02
2020.2546201232,1,H_curr,CH,,4158.211,2596.5,2163.9,6930.199999999999,2376.75,3027.75,2020-04-02
2020.2546201232,1,Rt,CH,,0.7355266407438593,0.5038154511844046,0.260412920093889,2.3343014511009703,0.40951351504873906,0.6221026442302964,2020-04-02
2020.2546201232,1,tot_I,CH,,151961.085,99424,82597.125,289188.0999999997,91318.5,115698.25,2020-04-02
2020.2546201232,1,U_curr,CH,,653.625,429,352.975,894.5249999999995,397,481,2020-04-02
2020.25735797399,1,a_D,CH,,102.802,68,54,163.2249999999998,62,75.25,2020-04-03
2020.25735797399,1,a_deltaH,CH,,172.594,-6,-55,1274.7249999999983,-23,39,2020-04-03
2020.25735797399,1,D,CH,,916.943,697,619,1050.4999999999995,669,734.25,2020-04-03
2020.25735797399,1,H_curr,CH,,4330.805,2574,2146.9,8869.524999999992,2362.5,3076.25,2020-04-03
2020.25735797399,1,Rt,CH,,0.7898168684567389,0.5271163341736804,0.2603358337945633,2.5123454018367797,0.4374273869505738,0.642312092830966,2020-04-03
2020.25735797399,1,tot_I,CH,,164193.252,103275.5,85926.52500000001,339184.22499999916,94991,121140,2020-04-03
2020.25735797399,1,U_curr,CH,,688.682,439,357,1075.4249999999997,405,501.25,2020-04-03
2020.26009582478,1,a_D,CH,,99.204,59,46,190.17499999999984,53,68,2020-04-05
2020.26009582478,1,a_deltaH,CH,,202.556,-14,-64.025,1504.225,-30,16,2020-04-05
2020.26009582478,1,D,CH,,1016.147,756.5,673,1243.8999999999992,724,803,2020-04-05
2020.26009582478,1,H_curr,CH,,4533.361,2545.5,2121.95,10777.924999999954,2337,3100.5,2020-04-05
2020.26009582478,1,Rt,CH,,0.836117971038276,0.5925433433327506,0.28168780629759005,2.244704684757877,0.4747909286595361,0.6994605982685148,2020-04-05
2020.26009582478,1,tot_I,CH,,177338.319,107036.5,89066.975,469090.87499999953,98564,126206,2020-04-05
2020.26009582478,1,U_curr,CH,,724.927,449,363,1298.4749999999995,411,518.5,2020-04-05
2020.26283367556,1,a_D,CH,,105.783,62,48.975,250.14999999999986,57,71,2020-04-05
2020.26283367556,1,a_deltaH,CH,,257.154,-2,-49.025,1917.2999999999952,-17,19,2020-04-05
2020.26283367556,1,D,CH,,1121.93,817,730.95,1507.5999999999995,783,873,2020-04-05
2020.26283367556,1,H_curr,CH,,4790.515,2538.5,2107.95,14029.89999999996,2326,3126.25,2020-04-05
2020.26283367556,1,Rt,CH,,0.9138621456871214,0.6596015280760327,0.2983643232398058,2.183690849858967,0.5288520495682977,0.8003184584827243,2020-04-05
2020.26283367556,1,tot_I,CH,,191799.438,110552.5,92107.97499999999,588136.6249999994,101951.75,130598.25,2020-04-05
2020.26283367556,1,U_curr,CH,,764.102,453.5,365,1657.7999999999965,415,533.25,2020-04-05
2020.26557152635,1,a_D,CH,,112.651,63,48,318.2499999999998,57,73,2020-04-06
2020.26557152635,1,a_deltaH,CH,,257.321,-57,-103,2557.5499999999984,-72,-38,2020-04-06
2020.26557152635,1,D,CH,,1234.581,879.5,784.975,1824.3249999999953,842,945.25,2020-04-06
2020.26557152635,1,H_curr,CH,,5047.836,2472,2059.925,19692.099999999973,2265.75,3068.75,2020-04-06
2020.26557152635,1,Rt,CH,,1.013335673333645,0.7354223575010506,0.2676834353629969,2.045380508121179,0.5908738553059832,0.8975865948135856,2020-04-06
2020.26557152635,1,tot_I,CH,,207635.64,114202,95142.45,700656.1499999987,105211.75,134970.25,2020-04-06
2020.26557152635,1,U_curr,CH,,802.83,452,362.975,2006.1749999999936,413,543.25,2020-04-06
2020.26830937714,1,a_D,CH,,122.122,66,51,403.02499999999907,61,75,2020-04-08
2020.26830937714,1,a_deltaH,CH,,278.332,-94,-143,2800.8499999999804,-108,-76,2020-04-08
2020.26830937714,1,D,CH,,1356.703,945,842,2300.074999999999,904,1019,2020-04-08
2020.26830937714,1,H_curr,CH,,5326.168,2370.5,1964,24329.949999999986,2170,2979,2020-04-08
2020.26830937714,1,Rt,CH,,1.0509637182485896,0.77281056883714,0.2386134887929249,2.174818510101657,0.6150373491866221,0.9802713629896461,2020-04-08
2020.26830937714,1,tot_I,CH,,224665.948,117790,97872.7,873804.8749999979,108361.25,139345,2020-04-08
2020.26830937714,1,U_curr,CH,,843.28,443,352,2854.475,403,541,2020-04-08
2020.27104722793,1,a_D,CH,,125.464,61,47.975,555.05,55,70,2020-04-09
2020.27104722793,1,a_deltaH,CH,,358.2,-64,-123.025,3166.275,-78,-49,2020-04-09
2020.27104722793,1,D,CH,,1482.167,1006,897.95,2740.6749999999975,960,1084,2020-04-09
2020.27104722793,1,H_curr,CH,,5684.368,2311,1895.95,30692.82499999997,2104,2898.75,2020-04-09
2020.27104722793,1,Rt,CH,,1.0849436811683977,0.8037581656645868,0.21796071925979377,2.6499807174253904,0.6019196212012059,1.0719214068694547,2020-04-09
2020.27104722793,1,tot_I,CH,,242331.752,121416,100722.4,958726.4749999942,111516.75,143890.75,2020-04-09
2020.27104722793,1,U_curr,CH,,892.406,435,343.975,3603.7999999999965,395,539,2020-04-09
2020.27378507871,1,a_D,CH,,126.42,50,37,616.5749999999986,44,59,2020-04-09
2020.27378507871,1,a_deltaH,CH,,410.637,-50,-161.075,2911.9999999999745,-65,-32.75,2020-04-09
2020.27378507871,1,D,CH,,1608.587,1054,939.975,3423.849999999993,1005,1144,2020-04-09
2020.27378507871,1,H_curr,CH,,6095.005,2258.5,1837.9750000000001,34625.774999999856,2056.75,2846.25,2020-04-09
2020.27378507871,1,Rt,CH,,1.1588674059921076,0.7972759675081276,0.18385630776788592,2.910315220919628,0.5531842784513337,1.1537043805679184,2020-04-09
2020.27378507871,1,tot_I,CH,,260248.206,125170.5,103495.175,1164679.2249999915,114850,148022,2020-04-09
2020.27378507871,1,U_curr,CH,,951.738,430.5,340,4219.174999999991,389.75,534.25,2020-04-09
2020.2765229295,1,a_D,CH,,132.399,43,30.975,798.074999999999,37,54,2020-04-10
2020.2765229295,1,a_deltaH,CH,,403.407,-63,-238.025,2079.3499999999963,-80,-47,2020-04-10
2020.2765229295,1,D,CH,,1740.986,1095.5,975,4266.97499999999,1043,1197.25,2020-04-10
2020.2765229295,1,H_curr,CH,,6498.412,2201,1775.9250000000002,38401.94999999969,1996,2766.5,2020-04-10
2020.2765229295,1,Rt,CH,,1.2289107812455706,0.8184506446321339,0.17795325432101788,3.3711123884724583,0.5481317039700517,1.2253648067209744,2020-04-10
2020.2765229295,1,tot_I,CH,,277881.787,128971.5,106115.75,1480151.4249999938,118540.75,152425,2020-04-10
2020.2765229295,1,U_curr,CH,,1016.072,424.5,333,5434.024999999992,383,528.5,2020-04-10
2020.27926078029,1,a_D,CH,,142.191,43,30,899.9999999999945,37,55,2020-04-12
2020.27926078029,1,a_deltaH,CH,,411.567,-29,-254,1668.8499999999865,-50,-12,2020-04-12
2020.27926078029,1,D,CH,,1883.177,1136,1007,5391.424999999999,1080.75,1246.5,2020-04-12
2020.27926078029,1,H_curr,CH,,6909.979,2177.5,1746.95,50519.624999999745,1970.75,2736.25,2020-04-12
2020.27926078029,1,Rt,CH,,1.2235452040084358,0.8161444097278956,0.17251281173228628,3.383633625423226,0.5108172477683182,1.2263050682826695,2020-04-12
2020.27926078029,1,tot_I,CH,,294852.989,133415,108878.9,1828617.6749999963,122085,156951.5,2020-04-12
2020.27926078029,1,U_curr,CH,,1086.869,419,330.975,5858.224999999963,377.75,526,2020-04-12
2020.28199863107,1,a_D,CH,,169.219,62,40.975,1037.4749999999922,52,78,2020-04-12
2020.28199863107,1,a_deltaH,CH,,340.073,-53,-295,2107.5749999999985,-88,-14,2020-04-12
2020.28199863107,1,D,CH,,2052.396,1197,1056.9499999999998,6614.799999999996,1137,1324.25,2020-04-12
2020.28199863107,1,H_curr,CH,,7250.052,2141,1686.975,64269.14999999998,1929.5,2661.5,2020-04-12
2020.28199863107,1,Rt,CH,,1.2788031819935972,0.804018738500903,0.15780636453675287,3.471015212040099,0.49278873634725023,1.3144214409797423,2020-04-12
2020.28199863107,1,tot_I,CH,,311084.418,137869,111451.7,2232176.5749999997,125643.75,161849.25,2020-04-12
2020.28199863107,1,U_curr,CH,,1151.884,411,322,7051.949999999945,370,508,2020-04-12
2020.28473648186,1,a_D,CH,,177.4,60,40,1369.274999999996,51,75,2020-04-13
2020.28473648186,1,a_deltaH,CH,,273.057,-39,-291.175,2802.4499999999716,-82,10,2020-04-13
2020.28473648186,1,D,CH,,2229.796,1254,1101.9750000000001,7503.924999999976,1190,1399,2020-04-13
2020.28473648186,1,H_curr,CH,,7523.109,2131,1624.95,61576.599999999715,1892.75,2600.25,2020-04-13
2020.28473648186,1,Rt,CH,,1.3360621709637668,0.8179178094345234,0.13288605702520415,4.025102086023578,0.5003722738466645,1.3378339005227222,2020-04-13
2020.28473648186,1,tot_I,CH,,326793.664,142502,114290.6,2543956.449999996,129172.75,167130,2020-04-13
2020.28473648186,1,U_curr,CH,,1214.47,402,311,9070.124999999964,360.75,496.25,2020-04-13
2020.28747433265,1,a_D,CH,,184.937,59,39,1702.1999999999998,50,74,2020-04-15
2020.28747433265,1,a_deltaH,CH,,195.187,-34,-320.05,2641.7749999999983,-84,33,2020-04-15
2020.28747433265,1,D,CH,,2414.733,1311,1146.975,8492.274999999947,1241,1471.25,2020-04-15
2020.28747433265,1,H_curr,CH,,7718.296,2134.5,1559,64473.199999999975,1871,2582.25,2020-04-15
2020.28747433265,1,Rt,CH,,1.3381764257702968,0.8228514320290112,0.1261374104708329,4.379245534974802,0.4857727519718331,1.3776687623831287,2020-04-15
2020.28747433265,1,tot_I,CH,,342435.059,147292.5,116838.625,2884951.774999992,133252.5,172846.25,2020-04-15
2020.28747433265,1,U_curr,CH,,1268.942,397,299.975,11364.924999999987,353,488,2020-04-15
2020.29021218344,1,a_D,CH,,192.163,59,37,1760.7249999999976,50,73,2020-04-16
2020.29021218344,1,a_deltaH,CH,,130.575,-29,-345.02500000000003,1543.6499999999974,-85,61,2020-04-16
2020.29021218344,1,D,CH,,2606.896,1367,1193.975,9969.224999999928,1292.75,1540.25,2020-04-16
2020.29021218344,1,H_curr,CH,,7848.871,2151,1502.8000000000002,68591.94999999988,1842,2598.5,2020-04-16
2020.29021218344,1,Rt,CH,,1.388629366617188,0.80085954354908,0.13251766704760087,5.009628827905847,0.45527183359314605,1.422206015279008,2020-04-16
2020.29021218344,1,tot_I,CH,,358491.485,152340,119599.92499999999,3260744.5999999875,136976.5,180448,2020-04-16
2020.29021218344,1,U_curr,CH,,1315.029,395.5,294,11728.374999999962,347,480.25,2020-04-16
2020.29295003422,1,a_D,CH,,195.782,58,36,1870.5749999999994,49,73,2020-04-16
2020.29295003422,1,a_deltaH,CH,,87.796,-21,-345.25,1005.4999999999923,-89.25,80.25,2020-04-16
2020.29295003422,1,D,CH,,2802.678,1422,1232.975,12489.124999999936,1344.75,1610.5,2020-04-16
2020.29295003422,1,H_curr,CH,,7936.667,2146.5,1440.925,75473.225,1796,2656,2020-04-16
2020.29295003422,1,Rt,CH,,1.4209894940570325,0.7981832517000205,0.11695994184748452,5.313335036958011,0.4607478083709403,1.4864163780262947,2020-04-16
2020.29295003422,1,tot_I,CH,,375191.987,158814,122033.725,3642935.17499999,140770.25,188083.25,2020-04-16
2020.29295003422,1,U_curr,CH,,1350.504,393.5,283,11839.399999999969,343,477.25,2020-04-16
